g.name,gs.name,v.id
STAT1,TH1_helper_vs_all_TNK_positive,v_hs67b
STAT4,TH1_helper_vs_all_TNK_positive,v_hs67b
TBX21,TH1_helper_vs_all_TNK_positive,v_hs67b
IL12RB2,TH1_helper_vs_all_TNK_positive,v_hs67b
IFNG,TH1_helper_vs_all_TNK_positive,v_hs67b
CXCR3,TH1_helper_vs_all_TNK_positive,v_hs67b
HAVCR2,TH1_helper_vs_all_TNK_positive,v_hs67b
IL2RB,KLRG1neg_effector_vs_all_TNK_positive,v_hs73b
ITGAL,KLRG1neg_effector_vs_all_TNK_positive,v_hs73b
B3GAT1,KLRG1neg_effector_vs_all_TNK_positive,v_hs73b
CD44,KLRG1neg_effector_vs_all_TNK_positive,v_hs73b
IL7R,KLRG1neg_effector_vs_all_TNK_positive,v_hs73b
CD58,KLRG1neg_effector_vs_all_TNK_positive,v_hs73b
IFNG,KLRG1neg_effector_vs_all_TNK_positive,v_hs73b
FAS,KLRG1neg_effector_vs_all_TNK_positive,v_hs73b
GZMB,KLRG1neg_effector_vs_all_TNK_positive,v_hs73b
GZMB,TH22_helper_vs_all_TNK_positive,v_hs65b
IL13,TH22_helper_vs_all_TNK_positive,v_hs65b
PDGFRB,TH22_helper_vs_all_TNK_positive,v_hs65b
IL22,TH22_helper_vs_all_TNK_positive,v_hs65b
CCR10,TH22_helper_vs_all_TNK_positive,v_hs65b
TNF,TH22_helper_vs_all_TNK_positive,v_hs65b
PDGFRA,TH22_helper_vs_all_TNK_positive,v_hs65b
XBP1,B_plasma_blast_vs_all_B_positive,v_hs6b
IL6RA,B_plasma_blast_vs_all_B_positive,v_hs6b
ZBTB20,B_plasma_blast_vs_all_B_positive,v_hs6b
TNFRSF17,B_plasma_blast_vs_all_B_positive,v_hs6b
IL6ST,B_plasma_blast_vs_all_B_positive,v_hs6b
CXCR4,B_plasma_blast_vs_all_B_positive,v_hs6b
IRF4,B_plasma_blast_vs_all_B_positive,v_hs6b
HLA-DPB1,B_plasma_blast_vs_all_B_positive,v_hs6b
HLA-DQB1,B_plasma_blast_vs_all_B_positive,v_hs6b
HLA-DQA1,B_plasma_blast_vs_all_B_positive,v_hs6b
HLA-DRA,B_plasma_blast_vs_all_B_positive,v_hs6b
HLA-DPA1,B_plasma_blast_vs_all_B_positive,v_hs6b
CD27,B_plasma_blast_vs_all_B_positive,v_hs6b
HLA-DMB,B_plasma_blast_vs_all_B_positive,v_hs6b
MKI67,B_plasma_blast_vs_all_B_positive,v_hs6b
HLA-DRB4,B_plasma_blast_vs_all_B_positive,v_hs6b
HLA-DMA,B_plasma_blast_vs_all_B_positive,v_hs6b
HLA-DRB3,B_plasma_blast_vs_all_B_positive,v_hs6b
HLA-DOB,B_plasma_blast_vs_all_B_positive,v_hs6b
CD38,B_plasma_blast_vs_all_B_positive,v_hs6b
SLAMF7,B_plasma_blast_vs_all_B_positive,v_hs6b
CCL17,M_mac_IL4_IL13_response,v_hs90
PDCD1LG2,M_mac_IL4_IL13_response,v_hs90
CCL24,M_mac_IL4_IL13_response,v_hs90
CCL22,M_mac_IL4_IL13_response,v_hs90
IRF4,M_mac_IL4_IL13_response,v_hs90
CDH1,M_mac_IL4_IL13_response,v_hs90
CCL8,M_mac_IL4_IL13_response,v_hs90
NR2F6,M_mac_IL4_IL13_response,v_hs90
CLEC7A,M_mac_IL4_IL13_response,v_hs90
CLEC10A,M_mac_IL4_IL13_response,v_hs90
IL13RA1,M_mac_IL4_IL13_response,v_hs90
PPARD,M_mac_IL4_IL13_response,v_hs90
MRC1,M_mac_IL4_IL13_response,v_hs90
IL4R,M_mac_IL4_IL13_response,v_hs90
RNASE2,M_mac_IL4_IL13_response,v_hs90
SOCS2,M_mac_IL4_IL13_response,v_hs90
PPARG,M_mac_IL4_IL13_response,v_hs90
ARG1,M_mac_IL4_IL13_response,v_hs90
S1PR4,Central_memory_vs_all_TNK_positive,v_hs78b
CD27,Central_memory_vs_all_TNK_positive,v_hs78b
CXCR3,Central_memory_vs_all_TNK_positive,v_hs78b
CD58,Central_memory_vs_all_TNK_positive,v_hs78b
CD44,Central_memory_vs_all_TNK_positive,v_hs78b
S1PR1,Central_memory_vs_all_TNK_positive,v_hs78b
IL7R,Central_memory_vs_all_TNK_positive,v_hs78b
CCR7,Central_memory_vs_all_TNK_positive,v_hs78b
ITGAL,Central_memory_vs_all_TNK_positive,v_hs78b
CD28,Central_memory_vs_all_TNK_positive,v_hs78b
SELL,Central_memory_vs_all_TNK_positive,v_hs78b
FAS,Central_memory_vs_all_TNK_positive,v_hs78b
IL2RB,Central_memory_vs_all_TNK_positive,v_hs78b
TGFB2,B_reg_vs_all_B_positive,v_hs11b
EBI3,B_reg_vs_all_B_positive,v_hs11b
IL12A,B_reg_vs_all_B_positive,v_hs11b
IL10,B_reg_vs_all_B_positive,v_hs11b
TGFB1,B_reg_vs_all_B_positive,v_hs11b
VEGFA,M_angiogenesis_regulation_positive,v_hs63b
FGF2,M_angiogenesis_regulation_positive,v_hs63b
ADM,M_angiogenesis_regulation_positive,v_hs63b
JAG1,M_angiogenesis_regulation_positive,v_hs63b
FGF1,M_angiogenesis_regulation_positive,v_hs63b
PDGFB,M_angiogenesis_regulation_positive,v_hs63b
SEMA4D,M_angiogenesis_regulation_positive,v_hs63b
CCL2,M_angiogenesis_regulation_positive,v_hs63b
ENG,M_angiogenesis_regulation_positive,v_hs63b
PDGFA,M_angiogenesis_regulation_positive,v_hs63b
TYMP,M_angiogenesis_regulation_positive,v_hs63b
ANGPT2,M_angiogenesis_regulation_positive,v_hs63b
STC1,M_angiogenesis_regulation_positive,v_hs63b
PLAU,M_angiogenesis_regulation_positive,v_hs63b
STC2,M_angiogenesis_regulation_positive,v_hs63b
PF4,M_angiogenesis_regulation_positive,v_hs63b
THBS1,M_angiogenesis_regulation_positive,v_hs63b
PDGFD,M_angiogenesis_regulation_positive,v_hs63b
TEK2,M_angiogenesis_regulation_positive,v_hs63b
MMP9,M_angiogenesis_regulation_positive,v_hs63b
JAG2,M_angiogenesis_regulation_positive,v_hs63b
ANGPT1,M_angiogenesis_regulation_positive,v_hs63b
VEGFC,M_angiogenesis_regulation_positive,v_hs63b
POSTN,M_angiogenesis_regulation_positive,v_hs63b
MMP7,M_angiogenesis_regulation_positive,v_hs63b
PDGFC,M_angiogenesis_regulation_positive,v_hs63b
RTN3,M_angiogenesis_regulation_positive,v_hs63b
CXCL8,M_angiogenesis_regulation_positive,v_hs63b
TGFB1,M_angiogenesis_regulation_positive,v_hs63b
VEGFD,M_angiogenesis_regulation_positive,v_hs63b
VEGFB,M_angiogenesis_regulation_positive,v_hs63b
IGHM,B_pb_t2_vs_all_B_positive,v_hs15b
CR2,B_pb_t2_vs_all_B_positive,v_hs15b
JCHAIN,B_pb_t2_vs_all_B_positive,v_hs15b
FCER2,B_pb_t2_vs_all_B_positive,v_hs15b
PRSS3,B_pb_t2_vs_all_B_positive,v_hs15b
MME,B_pb_t2_vs_all_B_positive,v_hs15b
CD38,B_pb_t2_vs_all_B_positive,v_hs15b
CD24,B_pb_t2_vs_all_B_positive,v_hs15b
IL10,B_pb_t2_vs_all_B_positive,v_hs15b
IGHD,B_pb_t2_vs_all_B_positive,v_hs15b
S1PR4,Naive_vs_all_TNK_positive,v_hs18b
CD28,Naive_vs_all_TNK_positive,v_hs18b
S1PR1,Naive_vs_all_TNK_positive,v_hs18b
IL7R,Naive_vs_all_TNK_positive,v_hs18b
CD27,Naive_vs_all_TNK_positive,v_hs18b
CCR7,Naive_vs_all_TNK_positive,v_hs18b
SELL,Naive_vs_all_TNK_positive,v_hs18b
DTX1,B_memory_igm_MZ_vs_all_B_positive,v_hs10b
CD1D,B_memory_igm_MZ_vs_all_B_positive,v_hs10b
NOTCH2,B_memory_igm_MZ_vs_all_B_positive,v_hs10b
JCHAIN,B_memory_igm_MZ_vs_all_B_positive,v_hs10b
CD1C,B_memory_igm_MZ_vs_all_B_positive,v_hs10b
CD24,B_memory_igm_MZ_vs_all_B_positive,v_hs10b
IGHM,B_memory_igm_MZ_vs_all_B_positive,v_hs10b
KIT,mast_lineage_vs_all_myeloid_positive,v_hs44b
TPSB2,mast_lineage_vs_all_myeloid_positive,v_hs44b
ENPP3,mast_lineage_vs_all_myeloid_positive,v_hs44b
MS4A2,mast_lineage_vs_all_myeloid_positive,v_hs44b
TPSD1,mast_lineage_vs_all_myeloid_positive,v_hs44b
PTGDR,mast_lineage_vs_all_myeloid_positive,v_hs44b
GATA2,mast_lineage_vs_all_myeloid_positive,v_hs44b
HDC,mast_lineage_vs_all_myeloid_positive,v_hs44b
IL1RL1,mast_lineage_vs_all_myeloid_positive,v_hs44b
TPSAB1,mast_lineage_vs_all_myeloid_positive,v_hs44b
IDH3B,TCA_cycle,v_hs60b
PDHA1,TCA_cycle,v_hs60b
SDHC,TCA_cycle,v_hs60b
PDHA2,TCA_cycle,v_hs60b
SUCLA2,TCA_cycle,v_hs60b
IDH2,TCA_cycle,v_hs60b
PDHX,TCA_cycle,v_hs60b
OGDH,TCA_cycle,v_hs60b
FH,TCA_cycle,v_hs60b
PDHB,TCA_cycle,v_hs60b
SDHB,TCA_cycle,v_hs60b
ACO2,TCA_cycle,v_hs60b
PDP1,TCA_cycle,v_hs60b
SDHA,TCA_cycle,v_hs60b
CS,TCA_cycle,v_hs60b
IDH3A,TCA_cycle,v_hs60b
ACO1,TCA_cycle,v_hs60b
IDH1,TCA_cycle,v_hs60b
IDH3G,TCA_cycle,v_hs60b
MDH1,TCA_cycle,v_hs60b
MDH2,TCA_cycle,v_hs60b
ADAR,type_I_ifn_response_positive,v_hs55b
IFITM2,type_I_ifn_response_positive,v_hs55b
IFITM3,type_I_ifn_response_positive,v_hs55b
OASL,type_I_ifn_response_positive,v_hs55b
MX1,type_I_ifn_response_positive,v_hs55b
IFIH1,type_I_ifn_response_positive,v_hs55b
TENT5C,type_I_ifn_response_positive,v_hs55b
IFI6,type_I_ifn_response_positive,v_hs55b
IRF1,type_I_ifn_response_positive,v_hs55b
ISG15,type_I_ifn_response_positive,v_hs55b
NAMPT,type_I_ifn_response_positive,v_hs55b
RTP4,type_I_ifn_response_positive,v_hs55b
MCOLN2,type_I_ifn_response_positive,v_hs55b
IFI44L,type_I_ifn_response_positive,v_hs55b
DDX58,type_I_ifn_response_positive,v_hs55b
TREX1,type_I_ifn_response_positive,v_hs55b
LY6E,type_I_ifn_response_positive,v_hs55b
CXCL8,TH17_helper_vs_all_TNK_positive,v_hs83b
IL6,TH17_helper_vs_all_TNK_positive,v_hs83b
IL26,TH17_helper_vs_all_TNK_positive,v_hs83b
STAT3,TH17_helper_vs_all_TNK_positive,v_hs83b
IL22,TH17_helper_vs_all_TNK_positive,v_hs83b
IL17B,TH17_helper_vs_all_TNK_positive,v_hs83b
IL23R,TH17_helper_vs_all_TNK_positive,v_hs83b
IL21,TH17_helper_vs_all_TNK_positive,v_hs83b
IL12RB2,TH17_helper_vs_all_TNK_positive,v_hs83b
IL13RA1,TH17_helper_vs_all_TNK_positive,v_hs83b
IL12RB1,TH17_helper_vs_all_TNK_positive,v_hs83b
CCR6,TH17_helper_vs_all_TNK_positive,v_hs83b
RORC,TH17_helper_vs_all_TNK_positive,v_hs83b
KLRB1,TH17_helper_vs_all_TNK_positive,v_hs83b
IL1R1,TH17_helper_vs_all_TNK_positive,v_hs83b
IL17F,TH17_helper_vs_all_TNK_positive,v_hs83b
IL17A,TH17_helper_vs_all_TNK_positive,v_hs83b
CFI,complement,v_hs5b
C3,complement,v_hs5b
CFH,complement,v_hs5b
C7,complement,v_hs5b
MASP1,complement,v_hs5b
C5,complement,v_hs5b
CFD,complement,v_hs5b
MBL2,complement,v_hs5b
C8A,complement,v_hs5b
C4B,complement,v_hs5b
C9,complement,v_hs5b
C6,complement,v_hs5b
C1R,complement,v_hs5b
C1QB,complement,v_hs5b
CFB,complement,v_hs5b
C4A,complement,v_hs5b
C1QA,complement,v_hs5b
C1S,complement,v_hs5b
IL25,TH2_helper_vs_all_TNK_positive,v_hs68b
STAT6,TH2_helper_vs_all_TNK_positive,v_hs68b
IL9,TH2_helper_vs_all_TNK_positive,v_hs68b
IL33,TH2_helper_vs_all_TNK_positive,v_hs68b
IL31,TH2_helper_vs_all_TNK_positive,v_hs68b
IL17RB,TH2_helper_vs_all_TNK_positive,v_hs68b
PTGDR2,TH2_helper_vs_all_TNK_positive,v_hs68b
IL13,TH2_helper_vs_all_TNK_positive,v_hs68b
GATA3,TH2_helper_vs_all_TNK_positive,v_hs68b
HAVCR1,TH2_helper_vs_all_TNK_positive,v_hs68b
IL4,TH2_helper_vs_all_TNK_positive,v_hs68b
IL5,TH2_helper_vs_all_TNK_positive,v_hs68b
PRDM1,Exhaustion_terminal_vs_all_TNK_positive,v_hs66b
IRF4,Exhaustion_terminal_vs_all_TNK_positive,v_hs66b
CXCL13,Exhaustion_terminal_vs_all_TNK_positive,v_hs66b
NR4A1,Exhaustion_terminal_vs_all_TNK_positive,v_hs66b
NR4A2,Exhaustion_terminal_vs_all_TNK_positive,v_hs66b
NR4A3,Exhaustion_terminal_vs_all_TNK_positive,v_hs66b
CD244,Exhaustion_terminal_vs_all_TNK_positive,v_hs66b
ID2,Exhaustion_terminal_vs_all_TNK_positive,v_hs66b
EOMES,Exhaustion_terminal_vs_all_TNK_positive,v_hs66b
HAVCR2,Exhaustion_terminal_vs_all_TNK_positive,v_hs66b
PDCD1,Exhaustion_terminal_vs_all_TNK_positive,v_hs66b
LAG3,Exhaustion_terminal_vs_all_TNK_positive,v_hs66b
TOX,Exhaustion_terminal_vs_all_TNK_positive,v_hs66b
BCL2,Exhaustion_pre_vs_all_TNK_positive,v_hs80b
CD200,Exhaustion_pre_vs_all_TNK_positive,v_hs80b
ID3,Exhaustion_pre_vs_all_TNK_positive,v_hs80b
CXCR3,Exhaustion_pre_vs_all_TNK_positive,v_hs80b
LAG3,Exhaustion_pre_vs_all_TNK_positive,v_hs80b
ICOS,Exhaustion_pre_vs_all_TNK_positive,v_hs80b
BCL6,Exhaustion_pre_vs_all_TNK_positive,v_hs80b
XCR1,Exhaustion_pre_vs_all_TNK_positive,v_hs80b
CXCR5,Exhaustion_pre_vs_all_TNK_positive,v_hs80b
HNF1A,Exhaustion_pre_vs_all_TNK_positive,v_hs80b
SLAMF6,Exhaustion_pre_vs_all_TNK_positive,v_hs80b
TOX,Exhaustion_pre_vs_all_TNK_positive,v_hs80b
PDCD1,Exhaustion_pre_vs_all_TNK_positive,v_hs80b
GZMK,Exhaustion_pre_vs_all_TNK_positive,v_hs80b
TBX21,Exhaustion_pre_vs_all_TNK_positive,v_hs80b
ITM2A,PD-1_signaling_positive,v_hs89
DOK2,PD-1_signaling_positive,v_hs89
RHOH,PD-1_signaling_positive,v_hs89
CD28,PD-1_signaling_positive,v_hs89
SH2D2A,PD-1_signaling_positive,v_hs89
NT5E,PD-1_signaling_positive,v_hs89
ANXA1,PD-1_signaling_positive,v_hs89
IL10RB,PD-1_signaling_positive,v_hs89
FBXW7,PD-1_signaling_positive,v_hs89
GBP1,PD-1_signaling_positive,v_hs89
LCP2,PD-1_signaling_positive,v_hs89
IRF9,PD-1_signaling_positive,v_hs89
GRB2,PD-1_signaling_positive,v_hs89
BATF,PD-1_signaling_positive,v_hs89
BTN3A2,PD-1_signaling_positive,v_hs89
TESPA1,PD-1_signaling_positive,v_hs89
HMGCS1,PD-1_signaling_positive,v_hs89
PTPRO,PD-1_signaling_positive,v_hs89
CCR1,PD-1_signaling_positive,v_hs89
COMMD3,PD-1_signaling_positive,v_hs89
SLA,PD-1_signaling_positive,v_hs89
LAX1,PD-1_signaling_positive,v_hs89
CIC,PD-1_signaling_positive,v_hs89
APOL6,PD-1_signaling_positive,v_hs89
ANXA2,PD-1_signaling_positive,v_hs89
HLA-E,type_II_ifn_response_positive,v_hs56b
HLA-DQB1,type_II_ifn_response_positive,v_hs56b
HLA-DQA1,type_II_ifn_response_positive,v_hs56b
HLA-DRB4,type_II_ifn_response_positive,v_hs56b
CXCL9,type_II_ifn_response_positive,v_hs56b
IRF1,type_II_ifn_response_positive,v_hs56b
HLA-DPB1,type_II_ifn_response_positive,v_hs56b
HLA-DRB3,type_II_ifn_response_positive,v_hs56b
CD274,type_II_ifn_response_positive,v_hs56b
MYC,type_II_ifn_response_positive,v_hs56b
HLA-DOB,type_II_ifn_response_positive,v_hs56b
HLA-DMA,type_II_ifn_response_positive,v_hs56b
HLA-DMB,type_II_ifn_response_positive,v_hs56b
HLA-G,type_II_ifn_response_positive,v_hs56b
HLA-DRA,type_II_ifn_response_positive,v_hs56b
CXCL10,type_II_ifn_response_positive,v_hs56b
HLA-DPA1,type_II_ifn_response_positive,v_hs56b
FCGR3A,NK_adaptive_vs_all_TNK_positive,v_hs79b
NCAM1,NK_adaptive_vs_all_TNK_positive,v_hs79b
KLRC2,NK_adaptive_vs_all_TNK_positive,v_hs79b
CD2,NK_adaptive_vs_all_TNK_positive,v_hs79b
LILRB1,NK_adaptive_vs_all_TNK_positive,v_hs79b
IFNG,NK_adaptive_vs_all_TNK_positive,v_hs79b
B3GAT1,NK_adaptive_vs_all_TNK_positive,v_hs79b
MARCO,M_mac_vs_all_M_positive,v_hs46b
CD36,M_mac_vs_all_M_positive,v_hs46b
MSR1,M_mac_vs_all_M_positive,v_hs46b
CD68,M_mac_vs_all_M_positive,v_hs46b
APOE,M_mac_vs_all_M_positive,v_hs46b
MRC1,M_mac_vs_all_M_positive,v_hs46b
CD163,M_mac_vs_all_M_positive,v_hs46b
PGM1,glycogenesis,v_hs57b
UGP2,glycogenesis,v_hs57b
GYS2,glycogenesis,v_hs57b
GSK3B,glycogenesis,v_hs57b
PGM2,glycogenesis,v_hs57b
GYS1,glycogenesis,v_hs57b
GBE1,glycogenesis,v_hs57b
GSK3A,glycogenesis,v_hs57b
CD69,Tissue_resident_memory_vs_all_TNK_positive,v_hs71b
ITGAE,Tissue_resident_memory_vs_all_TNK_positive,v_hs71b
ITGAL,Tissue_resident_memory_vs_all_TNK_positive,v_hs71b
CD44,Tissue_resident_memory_vs_all_TNK_positive,v_hs71b
H6PD,pentose_phosphate_pathway,v_hs59b
RPIA,pentose_phosphate_pathway,v_hs59b
TKTL2,pentose_phosphate_pathway,v_hs59b
TALDO1,pentose_phosphate_pathway,v_hs59b
PGLS,pentose_phosphate_pathway,v_hs59b
TKT,pentose_phosphate_pathway,v_hs59b
G6PD,pentose_phosphate_pathway,v_hs59b
RPE,pentose_phosphate_pathway,v_hs59b
TKTL1,pentose_phosphate_pathway,v_hs59b
PGD,pentose_phosphate_pathway,v_hs59b
ENTPD1,Treg_vs_all_TNK_positive,v_hs76b
IL2RA,Treg_vs_all_TNK_positive,v_hs76b
TGFB1,Treg_vs_all_TNK_positive,v_hs76b
NT5E,Treg_vs_all_TNK_positive,v_hs76b
TNFRSF9,Treg_vs_all_TNK_positive,v_hs76b
TNFRSF18,Treg_vs_all_TNK_positive,v_hs76b
FOXP3,Treg_vs_all_TNK_positive,v_hs76b
CTLA4,Treg_vs_all_TNK_positive,v_hs76b
CD28,Effector_memory_vs_all_TNK_positive,v_hs81b
B3GAT1,Effector_memory_vs_all_TNK_positive,v_hs81b
IL7R,Effector_memory_vs_all_TNK_positive,v_hs81b
CD27,Effector_memory_vs_all_TNK_positive,v_hs81b
FAS,Effector_memory_vs_all_TNK_positive,v_hs81b
CD58,Effector_memory_vs_all_TNK_positive,v_hs81b
ITGAL,Effector_memory_vs_all_TNK_positive,v_hs81b
IL2RB,Effector_memory_vs_all_TNK_positive,v_hs81b
CD44,Effector_memory_vs_all_TNK_positive,v_hs81b
GNLY,TNK_cellular_cytotoxicity_effectors,v_hs52b
TNFSF10,TNK_cellular_cytotoxicity_effectors,v_hs52b
LAMP2,TNK_cellular_cytotoxicity_effectors,v_hs52b
NKG7,TNK_cellular_cytotoxicity_effectors,v_hs52b
STXBP2,TNK_cellular_cytotoxicity_effectors,v_hs52b
PRF1,TNK_cellular_cytotoxicity_effectors,v_hs52b
GZMM,TNK_cellular_cytotoxicity_effectors,v_hs52b
GZMK,TNK_cellular_cytotoxicity_effectors,v_hs52b
FASLG,TNK_cellular_cytotoxicity_effectors,v_hs52b
FGFBP2,TNK_cellular_cytotoxicity_effectors,v_hs52b
GZMB,TNK_cellular_cytotoxicity_effectors,v_hs52b
GZMA,TNK_cellular_cytotoxicity_effectors,v_hs52b
GZMH,TNK_cellular_cytotoxicity_effectors,v_hs52b
LAMP1,TNK_cellular_cytotoxicity_effectors,v_hs52b
PTGDR2,ILC2_vs_all_TNK_positive,v_hs86b
KLRB1,ILC2_vs_all_TNK_positive,v_hs86b
AHR,ILC2_vs_all_TNK_positive,v_hs86b
IL7R,ILC2_vs_all_TNK_positive,v_hs86b
IL17RB,ILC2_vs_all_TNK_positive,v_hs86b
CCR4,ILC2_vs_all_TNK_positive,v_hs86b
GATA3,ILC2_vs_all_TNK_positive,v_hs86b
ICOS,ILC2_vs_all_TNK_positive,v_hs86b
IL2RA,ILC2_vs_all_TNK_positive,v_hs86b
KLRG1,ILC2_vs_all_TNK_positive,v_hs86b
IGHM,B_memory_switched_vs_all_B_positive,v_hs8b
IGHG3,B_memory_switched_vs_all_B_positive,v_hs8b
IGHA2,B_memory_switched_vs_all_B_positive,v_hs8b
IGHG2,B_memory_switched_vs_all_B_positive,v_hs8b
JCHAIN,B_memory_switched_vs_all_B_positive,v_hs8b
IGHA1,B_memory_switched_vs_all_B_positive,v_hs8b
IGHG1,B_memory_switched_vs_all_B_positive,v_hs8b
IGHG4,B_memory_switched_vs_all_B_positive,v_hs8b
CD24,B_memory_switched_vs_all_B_positive,v_hs8b
CD38,B_memory_switched_vs_all_B_positive,v_hs8b
FAS,B_memory_switched_vs_all_B_positive,v_hs8b
CD27,B_memory_switched_vs_all_B_positive,v_hs8b
CXCR3,B_memory_switched_vs_all_B_positive,v_hs8b
STAT3,follicular_helper_vs_all_TNK_positive,v_hs87b
IL21,follicular_helper_vs_all_TNK_positive,v_hs87b
BCL6,follicular_helper_vs_all_TNK_positive,v_hs87b
CXCR5,follicular_helper_vs_all_TNK_positive,v_hs87b
IL21R,follicular_helper_vs_all_TNK_positive,v_hs87b
S1PR1,follicular_helper_vs_all_TNK_positive,v_hs87b
CD84,follicular_helper_vs_all_TNK_positive,v_hs87b
IL6,follicular_helper_vs_all_TNK_positive,v_hs87b
IL6,B_effector_1_vs_all_B_positive,v_hs12b
FCGR3A,B_effector_1_vs_all_B_positive,v_hs12b
TIMD4,B_effector_1_vs_all_B_positive,v_hs12b
IL10,B_effector_1_vs_all_B_positive,v_hs12b
IL12A,B_effector_1_vs_all_B_positive,v_hs12b
ITGAL,B_effector_1_vs_all_B_positive,v_hs12b
TNF,B_effector_1_vs_all_B_positive,v_hs12b
IFNG,B_effector_1_vs_all_B_positive,v_hs12b
IL12B,B_effector_1_vs_all_B_positive,v_hs12b
IGHD,B_pb_mature_naive_vs_all_B_positive,v_hs17b
CD38,B_pb_mature_naive_vs_all_B_positive,v_hs17b
CD80,B_pb_mature_naive_vs_all_B_positive,v_hs17b
CD69,B_pb_mature_naive_vs_all_B_positive,v_hs17b
FCER2,B_pb_mature_naive_vs_all_B_positive,v_hs17b
CD24,B_pb_mature_naive_vs_all_B_positive,v_hs17b
CD86,B_pb_mature_naive_vs_all_B_positive,v_hs17b
KLRB1,ILC3_NCRneg_vs_all_TNK_positive,v_hs82b
IL7R,ILC3_NCRneg_vs_all_TNK_positive,v_hs82b
IL1R2,ILC3_NCRneg_vs_all_TNK_positive,v_hs82b
IL23R,ILC3_NCRneg_vs_all_TNK_positive,v_hs82b
KIT,ILC3_NCRneg_vs_all_TNK_positive,v_hs82b
TNFSF11,ILC3_NCRneg_vs_all_TNK_positive,v_hs82b
RORC,ILC3_NCRneg_vs_all_TNK_positive,v_hs82b
AHR,ILC3_NCRneg_vs_all_TNK_positive,v_hs82b
ITGAL,KLRG1pos_effector_vs_all_TNK_positive,v_hs74b
IFNG,KLRG1pos_effector_vs_all_TNK_positive,v_hs74b
GZMB,KLRG1pos_effector_vs_all_TNK_positive,v_hs74b
FAS,KLRG1pos_effector_vs_all_TNK_positive,v_hs74b
CD58,KLRG1pos_effector_vs_all_TNK_positive,v_hs74b
IL2RB,KLRG1pos_effector_vs_all_TNK_positive,v_hs74b
B3GAT1,KLRG1pos_effector_vs_all_TNK_positive,v_hs74b
KLRG1,KLRG1pos_effector_vs_all_TNK_positive,v_hs74b
CD44,KLRG1pos_effector_vs_all_TNK_positive,v_hs74b
FCER1G,M_DC_plasmacytoid_positive,v_hs47b
CLEC4C,M_DC_plasmacytoid_positive,v_hs47b
IRF4,M_DC_plasmacytoid_positive,v_hs47b
NRP1,M_DC_plasmacytoid_positive,v_hs47b
ZEB2,M_DC_plasmacytoid_positive,v_hs47b
IRF7,M_DC_plasmacytoid_positive,v_hs47b
IL3RA,M_DC_plasmacytoid_positive,v_hs47b
TCF4,M_DC_plasmacytoid_positive,v_hs47b
IRF8,M_DC_plasmacytoid_positive,v_hs47b
LILRB4,M_DC_plasmacytoid_positive,v_hs47b
FCER1A,M_DC_plasmacytoid_positive,v_hs47b
LILRA4,M_DC_plasmacytoid_positive,v_hs47b
TNFRSF21,M_DC_plasmacytoid_positive,v_hs47b
CD33,M_DC_cDC2_positive,v_hs49b
ID2,M_DC_cDC2_positive,v_hs49b
CD2,M_DC_cDC2_positive,v_hs49b
LILRA2,M_DC_cDC2_positive,v_hs49b
IL23A,M_DC_cDC2_positive,v_hs49b
CLEC10A,M_DC_cDC2_positive,v_hs49b
IRF4,M_DC_cDC2_positive,v_hs49b
FCER1G,M_DC_cDC2_positive,v_hs49b
CD1C,M_DC_cDC2_positive,v_hs49b
FCER1A,M_DC_cDC2_positive,v_hs49b
KLF4,M_DC_cDC2_positive,v_hs49b
NOTCH2,M_DC_cDC2_positive,v_hs49b
ITGAM,M_DC_cDC2_positive,v_hs49b
ITGAX,M_DC_cDC2_positive,v_hs49b
CLEC4A,M_DC_cDC2_positive,v_hs49b
TGFB2,M_DC_cDC2_positive,v_hs49b
ZEB2,M_DC_cDC2_positive,v_hs49b
TGFB1,M_DC_cDC2_positive,v_hs49b
TNFSF10,TNK_IL2_STAT5_signaling_positive,v_hs88b
IL1RL1,TNK_IL2_STAT5_signaling_positive,v_hs88b
TNFRSF4,TNK_IL2_STAT5_signaling_positive,v_hs88b
GABARAPL1,TNK_IL2_STAT5_signaling_positive,v_hs88b
CCND3,TNK_IL2_STAT5_signaling_positive,v_hs88b
NT5E,TNK_IL2_STAT5_signaling_positive,v_hs88b
ADAM19,TNK_IL2_STAT5_signaling_positive,v_hs88b
GPR83,TNK_IL2_STAT5_signaling_positive,v_hs88b
PLPP1,TNK_IL2_STAT5_signaling_positive,v_hs88b
EMP1,TNK_IL2_STAT5_signaling_positive,v_hs88b
PDCD2L,TNK_IL2_STAT5_signaling_positive,v_hs88b
CISH,TNK_IL2_STAT5_signaling_positive,v_hs88b
NFKBIZ,TNK_IL2_STAT5_signaling_positive,v_hs88b
EEF1AKMT1,TNK_IL2_STAT5_signaling_positive,v_hs88b
PLEC,TNK_IL2_STAT5_signaling_positive,v_hs88b
CKAP4,TNK_IL2_STAT5_signaling_positive,v_hs88b
FGL2,TNK_IL2_STAT5_signaling_positive,v_hs88b
CTSZ,TNK_IL2_STAT5_signaling_positive,v_hs88b
IL2RA,TNK_IL2_STAT5_signaling_positive,v_hs88b
SPRED2,TNK_IL2_STAT5_signaling_positive,v_hs88b
MYC,TNK_IL2_STAT5_signaling_positive,v_hs88b
AHNAK,TNK_IL2_STAT5_signaling_positive,v_hs88b
POU2F1,TNK_IL2_STAT5_signaling_positive,v_hs88b
MAP3K8,TNK_IL2_STAT5_signaling_positive,v_hs88b
MUC1,TNK_IL2_STAT5_signaling_positive,v_hs88b
IL10,TNK_IL2_STAT5_signaling_positive,v_hs88b
NFIL3,TNK_IL2_STAT5_signaling_positive,v_hs88b
DENND5A,TNK_IL2_STAT5_signaling_positive,v_hs88b
PRNP,TNK_IL2_STAT5_signaling_positive,v_hs88b
AHR,TNK_IL2_STAT5_signaling_positive,v_hs88b
CD83,TNK_IL2_STAT5_signaling_positive,v_hs88b
IKZF2,TNK_IL2_STAT5_signaling_positive,v_hs88b
NRP1,TNK_IL2_STAT5_signaling_positive,v_hs88b
CCR4,TNK_IL2_STAT5_signaling_positive,v_hs88b
UCK2,TNK_IL2_STAT5_signaling_positive,v_hs88b
S100A1,TNK_IL2_STAT5_signaling_positive,v_hs88b
CAPN3,TNK_IL2_STAT5_signaling_positive,v_hs88b
GSTO1,TNK_IL2_STAT5_signaling_positive,v_hs88b
SLC39A8,TNK_IL2_STAT5_signaling_positive,v_hs88b
GUCY1B1,TNK_IL2_STAT5_signaling_positive,v_hs88b
DCPS,TNK_IL2_STAT5_signaling_positive,v_hs88b
IL3RA,TNK_IL2_STAT5_signaling_positive,v_hs88b
ITGAV,TNK_IL2_STAT5_signaling_positive,v_hs88b
SELL,TNK_IL2_STAT5_signaling_positive,v_hs88b
MAFF,TNK_IL2_STAT5_signaling_positive,v_hs88b
NDRG1,TNK_IL2_STAT5_signaling_positive,v_hs88b
P4HA1,TNK_IL2_STAT5_signaling_positive,v_hs88b
SOCS2,TNK_IL2_STAT5_signaling_positive,v_hs88b
CD44,TNK_IL2_STAT5_signaling_positive,v_hs88b
SPRY4,TNK_IL2_STAT5_signaling_positive,v_hs88b
KLF6,TNK_IL2_STAT5_signaling_positive,v_hs88b
AGER,TNK_IL2_STAT5_signaling_positive,v_hs88b
ICOS,TNK_IL2_STAT5_signaling_positive,v_hs88b
XBP1,TNK_IL2_STAT5_signaling_positive,v_hs88b
SLC2A3,TNK_IL2_STAT5_signaling_positive,v_hs88b
MYO1C,TNK_IL2_STAT5_signaling_positive,v_hs88b
GLIPR2,TNK_IL2_STAT5_signaling_positive,v_hs88b
GPR65,TNK_IL2_STAT5_signaling_positive,v_hs88b
CASP3,TNK_IL2_STAT5_signaling_positive,v_hs88b
CD48,TNK_IL2_STAT5_signaling_positive,v_hs88b
DRC1,TNK_IL2_STAT5_signaling_positive,v_hs88b
IL10RA,TNK_IL2_STAT5_signaling_positive,v_hs88b
BCL2,TNK_IL2_STAT5_signaling_positive,v_hs88b
LRRC8C,TNK_IL2_STAT5_signaling_positive,v_hs88b
HOPX,TNK_IL2_STAT5_signaling_positive,v_hs88b
APLP1,TNK_IL2_STAT5_signaling_positive,v_hs88b
MXD1,TNK_IL2_STAT5_signaling_positive,v_hs88b
CDKN1C,TNK_IL2_STAT5_signaling_positive,v_hs88b
BMP2,TNK_IL2_STAT5_signaling_positive,v_hs88b
CCNE1,TNK_IL2_STAT5_signaling_positive,v_hs88b
ETFBKMT,TNK_IL2_STAT5_signaling_positive,v_hs88b
HIPK2,TNK_IL2_STAT5_signaling_positive,v_hs88b
GALM,TNK_IL2_STAT5_signaling_positive,v_hs88b
IL1R2,TNK_IL2_STAT5_signaling_positive,v_hs88b
GBP4,TNK_IL2_STAT5_signaling_positive,v_hs88b
SWAP70,TNK_IL2_STAT5_signaling_positive,v_hs88b
CDC6,TNK_IL2_STAT5_signaling_positive,v_hs88b
CD86,TNK_IL2_STAT5_signaling_positive,v_hs88b
IKZF4,TNK_IL2_STAT5_signaling_positive,v_hs88b
SERPINC1,TNK_IL2_STAT5_signaling_positive,v_hs88b
RHOB,TNK_IL2_STAT5_signaling_positive,v_hs88b
PRAF2,TNK_IL2_STAT5_signaling_positive,v_hs88b
BMPR2,TNK_IL2_STAT5_signaling_positive,v_hs88b
PUS1,TNK_IL2_STAT5_signaling_positive,v_hs88b
WLS,TNK_IL2_STAT5_signaling_positive,v_hs88b
TLR7,TNK_IL2_STAT5_signaling_positive,v_hs88b
GATA1,TNK_IL2_STAT5_signaling_positive,v_hs88b
SH3BGRL2,TNK_IL2_STAT5_signaling_positive,v_hs88b
IGF2R,TNK_IL2_STAT5_signaling_positive,v_hs88b
FAM126B,TNK_IL2_STAT5_signaling_positive,v_hs88b
F2RL2,TNK_IL2_STAT5_signaling_positive,v_hs88b
SMPDL3A,TNK_IL2_STAT5_signaling_positive,v_hs88b
IRF6,TNK_IL2_STAT5_signaling_positive,v_hs88b
ENPP1,TNK_IL2_STAT5_signaling_positive,v_hs88b
SPP1,TNK_IL2_STAT5_signaling_positive,v_hs88b
ENO3,TNK_IL2_STAT5_signaling_positive,v_hs88b
RHOH,TNK_IL2_STAT5_signaling_positive,v_hs88b
TTC39B,TNK_IL2_STAT5_signaling_positive,v_hs88b
ITGAE,TNK_IL2_STAT5_signaling_positive,v_hs88b
RORA,TNK_IL2_STAT5_signaling_positive,v_hs88b
CST7,TNK_IL2_STAT5_signaling_positive,v_hs88b
TNFRSF9,TNK_IL2_STAT5_signaling_positive,v_hs88b
IFITM3,TNK_IL2_STAT5_signaling_positive,v_hs88b
ECM1,TNK_IL2_STAT5_signaling_positive,v_hs88b
LRIG1,TNK_IL2_STAT5_signaling_positive,v_hs88b
ST3GAL4,TNK_IL2_STAT5_signaling_positive,v_hs88b
COL6A1,TNK_IL2_STAT5_signaling_positive,v_hs88b
NCS1,TNK_IL2_STAT5_signaling_positive,v_hs88b
CCND2,TNK_IL2_STAT5_signaling_positive,v_hs88b
CD81,TNK_IL2_STAT5_signaling_positive,v_hs88b
CXCL10,TNK_IL2_STAT5_signaling_positive,v_hs88b
TNFRSF18,TNK_IL2_STAT5_signaling_positive,v_hs88b
IL13,TNK_IL2_STAT5_signaling_positive,v_hs88b
RNH1,TNK_IL2_STAT5_signaling_positive,v_hs88b
TWSG1,TNK_IL2_STAT5_signaling_positive,v_hs88b
BATF,TNK_IL2_STAT5_signaling_positive,v_hs88b
UMPS,TNK_IL2_STAT5_signaling_positive,v_hs88b
PLSCR1,TNK_IL2_STAT5_signaling_positive,v_hs88b
PLIN2,TNK_IL2_STAT5_signaling_positive,v_hs88b
IL4R,TNK_IL2_STAT5_signaling_positive,v_hs88b
RRAGD,TNK_IL2_STAT5_signaling_positive,v_hs88b
MAP6,TNK_IL2_STAT5_signaling_positive,v_hs88b
SLC29A2,TNK_IL2_STAT5_signaling_positive,v_hs88b
IRF4,TNK_IL2_STAT5_signaling_positive,v_hs88b
CSF2,TNK_IL2_STAT5_signaling_positive,v_hs88b
AMACR,TNK_IL2_STAT5_signaling_positive,v_hs88b
TGM2,TNK_IL2_STAT5_signaling_positive,v_hs88b
ABCB1,TNK_IL2_STAT5_signaling_positive,v_hs88b
SLC1A5,TNK_IL2_STAT5_signaling_positive,v_hs88b
CA2,TNK_IL2_STAT5_signaling_positive,v_hs88b
TNFSF11,TNK_IL2_STAT5_signaling_positive,v_hs88b
IL2RG,TNK_IL2_STAT5_signaling_positive,v_hs88b
PTGER2,TNK_IL2_STAT5_signaling_positive,v_hs88b
FURIN,TNK_IL2_STAT5_signaling_positive,v_hs88b
PHLDA1,TNK_IL2_STAT5_signaling_positive,v_hs88b
RABGAP1L,TNK_IL2_STAT5_signaling_positive,v_hs88b
IFNGR1,TNK_IL2_STAT5_signaling_positive,v_hs88b
GADD45B,TNK_IL2_STAT5_signaling_positive,v_hs88b
BHLHE40-AS1,TNK_IL2_STAT5_signaling_positive,v_hs88b
ODC1,TNK_IL2_STAT5_signaling_positive,v_hs88b
MYO1E,TNK_IL2_STAT5_signaling_positive,v_hs88b
TIAM1,TNK_IL2_STAT5_signaling_positive,v_hs88b
NCOA3,TNK_IL2_STAT5_signaling_positive,v_hs88b
ETV4,TNK_IL2_STAT5_signaling_positive,v_hs88b
ITIH5,TNK_IL2_STAT5_signaling_positive,v_hs88b
P2RX4,TNK_IL2_STAT5_signaling_positive,v_hs88b
NOP2,TNK_IL2_STAT5_signaling_positive,v_hs88b
IGF1R,TNK_IL2_STAT5_signaling_positive,v_hs88b
COCH,TNK_IL2_STAT5_signaling_positive,v_hs88b
PIM1,TNK_IL2_STAT5_signaling_positive,v_hs88b
BATF3,TNK_IL2_STAT5_signaling_positive,v_hs88b
HUWE1,TNK_IL2_STAT5_signaling_positive,v_hs88b
SNX9,TNK_IL2_STAT5_signaling_positive,v_hs88b
ARL4A,TNK_IL2_STAT5_signaling_positive,v_hs88b
SYNGR2,TNK_IL2_STAT5_signaling_positive,v_hs88b
SCN9A,TNK_IL2_STAT5_signaling_positive,v_hs88b
PNP,TNK_IL2_STAT5_signaling_positive,v_hs88b
ITGA6,TNK_IL2_STAT5_signaling_positive,v_hs88b
IL18R1,TNK_IL2_STAT5_signaling_positive,v_hs88b
TRAF1,TNK_IL2_STAT5_signaling_positive,v_hs88b
LTB,TNK_IL2_STAT5_signaling_positive,v_hs88b
TNFRSF8,TNK_IL2_STAT5_signaling_positive,v_hs88b
PTCH1,TNK_IL2_STAT5_signaling_positive,v_hs88b
BCL2L1,TNK_IL2_STAT5_signaling_positive,v_hs88b
AHCY,TNK_IL2_STAT5_signaling_positive,v_hs88b
CTLA4,TNK_IL2_STAT5_signaling_positive,v_hs88b
SOCS1,TNK_IL2_STAT5_signaling_positive,v_hs88b
ALCAM,TNK_IL2_STAT5_signaling_positive,v_hs88b
LIF,TNK_IL2_STAT5_signaling_positive,v_hs88b
MAPKAPK2,TNK_IL2_STAT5_signaling_positive,v_hs88b
CDC42SE2,TNK_IL2_STAT5_signaling_positive,v_hs88b
PRKCH,TNK_IL2_STAT5_signaling_positive,v_hs88b
CYFIP1,TNK_IL2_STAT5_signaling_positive,v_hs88b
HK2,TNK_IL2_STAT5_signaling_positive,v_hs88b
PENK,TNK_IL2_STAT5_signaling_positive,v_hs88b
SYT11,TNK_IL2_STAT5_signaling_positive,v_hs88b
FLT3LG,TNK_IL2_STAT5_signaling_positive,v_hs88b
SHE,TNK_IL2_STAT5_signaling_positive,v_hs88b
SELP,TNK_IL2_STAT5_signaling_positive,v_hs88b
PLAGL1,TNK_IL2_STAT5_signaling_positive,v_hs88b
PTRH2,TNK_IL2_STAT5_signaling_positive,v_hs88b
CAPG,TNK_IL2_STAT5_signaling_positive,v_hs88b
EOMES,TNK_IL2_STAT5_signaling_positive,v_hs88b
GPX4,TNK_IL2_STAT5_signaling_positive,v_hs88b
RGS16,TNK_IL2_STAT5_signaling_positive,v_hs88b
TNFRSF1B,TNK_IL2_STAT5_signaling_positive,v_hs88b
FAH,TNK_IL2_STAT5_signaling_positive,v_hs88b
PHTF2,TNK_IL2_STAT5_signaling_positive,v_hs88b
TNFRSF21,TNK_IL2_STAT5_signaling_positive,v_hs88b
DHRS3,TNK_IL2_STAT5_signaling_positive,v_hs88b
IL2RB,TNK_IL2_STAT5_signaling_positive,v_hs88b
PTH1R,TNK_IL2_STAT5_signaling_positive,v_hs88b
LCLAT1,TNK_IL2_STAT5_signaling_positive,v_hs88b
ANXA4,TNK_IL2_STAT5_signaling_positive,v_hs88b
CSF1,TNK_IL2_STAT5_signaling_positive,v_hs88b
SNX14,TNK_IL2_STAT5_signaling_positive,v_hs88b
IRF8,TNK_IL2_STAT5_signaling_positive,v_hs88b
SERPINB6,TNK_IL2_STAT5_signaling_positive,v_hs88b
CENPA,all_G1S_transition,v_hs3b
CCNB1,all_G1S_transition,v_hs3b
BUB1B,all_G1S_transition,v_hs3b
CDC25B,all_G1S_transition,v_hs3b
TOP2A,all_G1S_transition,v_hs3b
AURKA,all_G1S_transition,v_hs3b
CENPF,all_G1S_transition,v_hs3b
CKS2,all_G1S_transition,v_hs3b
RACGAP1,all_G1S_transition,v_hs3b
CDC25C,all_G1S_transition,v_hs3b
KIF20A,all_G1S_transition,v_hs3b
CCNA2,all_G1S_transition,v_hs3b
CCNF,all_G1S_transition,v_hs3b
PLK1,all_G1S_transition,v_hs3b
CDK1,all_G1S_transition,v_hs3b
BUB1,all_G1S_transition,v_hs3b
CCNB2,all_G1S_transition,v_hs3b
CDC20,all_G1S_transition,v_hs3b
CDKN2D,all_G1S_transition,v_hs3b
BIRC5,all_G1S_transition,v_hs3b
IL27,M_mac_IFNG_response,v_hs91
IL12A,M_mac_IFNG_response,v_hs91
IFNGR1,M_mac_IFNG_response,v_hs91
CXCL13,M_mac_IFNG_response,v_hs91
IL6,M_mac_IFNG_response,v_hs91
IL12B,M_mac_IFNG_response,v_hs91
CXCL2,M_mac_IFNG_response,v_hs91
NOS2,M_mac_IFNG_response,v_hs91
NFKBIZ,M_mac_IFNG_response,v_hs91
CSF2,M_mac_IFNG_response,v_hs91
IFNGR2,M_mac_IFNG_response,v_hs91
CSF3,M_mac_IFNG_response,v_hs91
MARCO,M_mac_IFNG_response,v_hs91
CCL11,M_mac_IFNG_response,v_hs91
PELI1,M_mac_IFNG_response,v_hs91
CCL1,M_mac_IFNG_response,v_hs91
IL1A,M_mac_IFNG_response,v_hs91
IL1B,M_mac_IFNG_response,v_hs91
IL23A,M_mac_IFNG_response,v_hs91
SOCS3,M_mac_IFNG_response,v_hs91
TNFAIP3,M_mac_IFNG_response,v_hs91
CD28,Stem_cell_memory_vs_all_TNK_positive,v_hs19b
ATXN1,Stem_cell_memory_vs_all_TNK_positive,v_hs19b
SELL,Stem_cell_memory_vs_all_TNK_positive,v_hs19b
CD27,Stem_cell_memory_vs_all_TNK_positive,v_hs19b
FAS,Stem_cell_memory_vs_all_TNK_positive,v_hs19b
IL2RB,Stem_cell_memory_vs_all_TNK_positive,v_hs19b
CCR7,Stem_cell_memory_vs_all_TNK_positive,v_hs19b
IL7R,Stem_cell_memory_vs_all_TNK_positive,v_hs19b
H2BC12,all_G2M_transition,v_hs64b
H2AZP3,all_G2M_transition,v_hs64b
CCNE2,all_G2M_transition,v_hs64b
H2AC4,all_G2M_transition,v_hs64b
H2BC15,all_G2M_transition,v_hs64b
H2BU1,all_G2M_transition,v_hs64b
H4-16,all_G2M_transition,v_hs64b
SLBP,all_G2M_transition,v_hs64b
H1-6,all_G2M_transition,v_hs64b
H4C5,all_G2M_transition,v_hs64b
H2AZP1,all_G2M_transition,v_hs64b
H1-12P,all_G2M_transition,v_hs64b
H3C12,all_G2M_transition,v_hs64b
H2AW,all_G2M_transition,v_hs64b
BRCA1,all_G2M_transition,v_hs64b
H1-2,all_G2M_transition,v_hs64b
H3C1,all_G2M_transition,v_hs64b
H4C14,all_G2M_transition,v_hs64b
H2AC17,all_G2M_transition,v_hs64b
H4C2,all_G2M_transition,v_hs64b
TYMS,all_G2M_transition,v_hs64b
H3C4,all_G2M_transition,v_hs64b
H2AC15,all_G2M_transition,v_hs64b
MACROH2A1,all_G2M_transition,v_hs64b
H4C12,all_G2M_transition,v_hs64b
H2AZP5,all_G2M_transition,v_hs64b
H3C3,all_G2M_transition,v_hs64b
MSH2,all_G2M_transition,v_hs64b
H3P38,all_G2M_transition,v_hs64b
H2BC9,all_G2M_transition,v_hs64b
H3C13,all_G2M_transition,v_hs64b
H2BC18,all_G2M_transition,v_hs64b
H2AZP2,all_G2M_transition,v_hs64b
H2BC6,all_G2M_transition,v_hs64b
H2AC11,all_G2M_transition,v_hs64b
H2AFB3,all_G2M_transition,v_hs64b
H2BC11,all_G2M_transition,v_hs64b
H4C8,all_G2M_transition,v_hs64b
CDKN3,all_G2M_transition,v_hs64b
NASP,all_G2M_transition,v_hs64b
H2AC16,all_G2M_transition,v_hs64b
H2AC12,all_G2M_transition,v_hs64b
H3C6,all_G2M_transition,v_hs64b
H2BP2,all_G2M_transition,v_hs64b
H2AZP6,all_G2M_transition,v_hs64b
H4C15,all_G2M_transition,v_hs64b
H3C15,all_G2M_transition,v_hs64b
E2F5,all_G2M_transition,v_hs64b
CCNE1,all_G2M_transition,v_hs64b
H1-5,all_G2M_transition,v_hs64b
H3-2,all_G2M_transition,v_hs64b
H2BC14,all_G2M_transition,v_hs64b
H3-5,all_G2M_transition,v_hs64b
NPAT,all_G2M_transition,v_hs64b
H2AC13,all_G2M_transition,v_hs64b
H3-3B,all_G2M_transition,v_hs64b
CDKN1A,all_G2M_transition,v_hs64b
H4C3,all_G2M_transition,v_hs64b
H1F0,all_G2M_transition,v_hs64b
H2AZP4,all_G2M_transition,v_hs64b
E2F1,all_G2M_transition,v_hs64b
H2AC6,all_G2M_transition,v_hs64b
H3C8,all_G2M_transition,v_hs64b
H3C10,all_G2M_transition,v_hs64b
RRM1,all_G2M_transition,v_hs64b
H2AC1,all_G2M_transition,v_hs64b
H2BP1,all_G2M_transition,v_hs64b
H2BC10,all_G2M_transition,v_hs64b
H1-7,all_G2M_transition,v_hs64b
H3C11,all_G2M_transition,v_hs64b
H2BC20P,all_G2M_transition,v_hs64b
H2AC20,all_G2M_transition,v_hs64b
H2BC4,all_G2M_transition,v_hs64b
H2AC18,all_G2M_transition,v_hs64b
CDC45,all_G2M_transition,v_hs64b
H2BU2P,all_G2M_transition,v_hs64b
H2AC14,all_G2M_transition,v_hs64b
DHFR,all_G2M_transition,v_hs64b
H2BC8,all_G2M_transition,v_hs64b
H1-8,all_G2M_transition,v_hs64b
H3C14,all_G2M_transition,v_hs64b
H2AZ1,all_G2M_transition,v_hs64b
H2AFB1,all_G2M_transition,v_hs64b
H2AC8,all_G2M_transition,v_hs64b
H2AC21,all_G2M_transition,v_hs64b
H2AJ,all_G2M_transition,v_hs64b
H2AC7,all_G2M_transition,v_hs64b
MCM6,all_G2M_transition,v_hs64b
H2BC5,all_G2M_transition,v_hs64b
H1-3,all_G2M_transition,v_hs64b
H1-1,all_G2M_transition,v_hs64b
H2AZ2P1,all_G2M_transition,v_hs64b
H4C13,all_G2M_transition,v_hs64b
H3P37,all_G2M_transition,v_hs64b
H2BC21P,all_G2M_transition,v_hs64b
H3C2,all_G2M_transition,v_hs64b
H1-10,all_G2M_transition,v_hs64b
H1-4,all_G2M_transition,v_hs64b
H4C9,all_G2M_transition,v_hs64b
BRCA2,all_G2M_transition,v_hs64b
MACROH2A2,all_G2M_transition,v_hs64b
H3C7,all_G2M_transition,v_hs64b
H2AB2,all_G2M_transition,v_hs64b
MCM2,all_G2M_transition,v_hs64b
H3-3A,all_G2M_transition,v_hs64b
H2BC1,all_G2M_transition,v_hs64b
H4C6,all_G2M_transition,v_hs64b
H2BC7,all_G2M_transition,v_hs64b
MKI67,all_G2M_transition,v_hs64b
H2AC19,all_G2M_transition,v_hs64b
H2BW1,all_G2M_transition,v_hs64b
CDC6,all_G2M_transition,v_hs64b
H2AFX,all_G2M_transition,v_hs64b
H2AZ2,all_G2M_transition,v_hs64b
H2BC17,all_G2M_transition,v_hs64b
CDKN2C,all_G2M_transition,v_hs64b
PCNA,all_G2M_transition,v_hs64b
H4C11,all_G2M_transition,v_hs64b
RRM2,all_G2M_transition,v_hs64b
H4C4,all_G2M_transition,v_hs64b
CCNG2,all_G2M_transition,v_hs64b
CDC25A,all_G2M_transition,v_hs64b
H4C1,all_G2M_transition,v_hs64b
H4C7,all_G2M_transition,v_hs64b
H3-4,all_G2M_transition,v_hs64b
H2BS,all_G2M_transition,v_hs64b
H2BC19P,all_G2M_transition,v_hs64b
H2BW2,all_G2M_transition,v_hs64b
H2BC3,all_G2M_transition,v_hs64b
H2BC13,all_G2M_transition,v_hs64b
SLC46A1,iron_uptake_and_storage,v_hs54b
SCARA5,iron_uptake_and_storage,v_hs54b
FTMT,iron_uptake_and_storage,v_hs54b
LRP1,iron_uptake_and_storage,v_hs54b
SLC48A1,iron_uptake_and_storage,v_hs54b
CD163,iron_uptake_and_storage,v_hs54b
TF,iron_uptake_and_storage,v_hs54b
SLC25A28,iron_uptake_and_storage,v_hs54b
SLC40A1,iron_uptake_and_storage,v_hs54b
SLC39A14,iron_uptake_and_storage,v_hs54b
CP,iron_uptake_and_storage,v_hs54b
SLC11A1,iron_uptake_and_storage,v_hs54b
TFRC,iron_uptake_and_storage,v_hs54b
SLC25A37,iron_uptake_and_storage,v_hs54b
SLC11A2,iron_uptake_and_storage,v_hs54b
FLVCR1,iron_uptake_and_storage,v_hs54b
FTH1,iron_uptake_and_storage,v_hs54b
FTL,iron_uptake_and_storage,v_hs54b
TFR2,iron_uptake_and_storage,v_hs54b
IL10,B_effector_2_vs_all_B_positive,v_hs13b
IL6,B_effector_2_vs_all_B_positive,v_hs13b
CSF2,B_effector_2_vs_all_B_positive,v_hs13b
IL4,B_effector_2_vs_all_B_positive,v_hs13b
IL13,B_effector_2_vs_all_B_positive,v_hs13b
IL2,B_effector_2_vs_all_B_positive,v_hs13b
GPX6,ros_production,v_hs53b
GPX2,ros_production,v_hs53b
GPX1,ros_production,v_hs53b
GPX4,ros_production,v_hs53b
VCAN,ros_production,v_hs53b
SOD2,ros_production,v_hs53b
GPX5,ros_production,v_hs53b
GPX3,ros_production,v_hs53b
GPX8,ros_production,v_hs53b
GPX7,ros_production,v_hs53b
IL10,TH9_helper_vs_all_TNK_positive,v_hs70b
STAT3,TH9_helper_vs_all_TNK_positive,v_hs70b
RBPJ,TH9_helper_vs_all_TNK_positive,v_hs70b
IL9,TH9_helper_vs_all_TNK_positive,v_hs70b
NFATC1,TH9_helper_vs_all_TNK_positive,v_hs70b
NOTCH1,TH9_helper_vs_all_TNK_positive,v_hs70b
RELA,TH9_helper_vs_all_TNK_positive,v_hs70b
SPI1,TH9_helper_vs_all_TNK_positive,v_hs70b
GATA3,TH9_helper_vs_all_TNK_positive,v_hs70b
STAT6,TH9_helper_vs_all_TNK_positive,v_hs70b
CXCL13,Tumor_reactive_effector_vs_all_TNK_positive,v_hs72b
ITGAE,Tumor_reactive_effector_vs_all_TNK_positive,v_hs72b
ENTPD1,Tumor_reactive_effector_vs_all_TNK_positive,v_hs72b
IFNG,Tumor_reactive_effector_vs_all_TNK_positive,v_hs72b
GZMA,Tumor_reactive_effector_vs_all_TNK_positive,v_hs72b
TNFRSF18,Tumor_reactive_effector_vs_all_TNK_positive,v_hs72b
TNFRSF9,Tumor_reactive_effector_vs_all_TNK_positive,v_hs72b
MKI67,Tumor_reactive_effector_vs_all_TNK_positive,v_hs72b
IGHM,B_memory_non_switched_vs_all_B_positive,v_hs9b
JCHAIN,B_memory_non_switched_vs_all_B_positive,v_hs9b
CD1C,B_memory_non_switched_vs_all_B_positive,v_hs9b
CD38,B_memory_non_switched_vs_all_B_positive,v_hs9b
CD24,B_memory_non_switched_vs_all_B_positive,v_hs9b
IGHD,B_memory_non_switched_vs_all_B_positive,v_hs9b
CD27,B_memory_non_switched_vs_all_B_positive,v_hs9b
FCGR1B,M_mono_vs_all_myeloid_positive,v_hs45b
FCGR2A,M_mono_vs_all_myeloid_positive,v_hs45b
FCGR2B,M_mono_vs_all_myeloid_positive,v_hs45b
FCGR1A,M_mono_vs_all_myeloid_positive,v_hs45b
TLR2,M_mono_vs_all_myeloid_positive,v_hs45b
CR1,M_mono_vs_all_myeloid_positive,v_hs45b
ITGAM,M_mono_vs_all_myeloid_positive,v_hs45b
SPI1,M_mono_vs_all_myeloid_positive,v_hs45b
RXRA,M_mono_vs_all_myeloid_positive,v_hs45b
CD14,M_mono_vs_all_myeloid_positive,v_hs45b
CEBPA,M_mono_vs_all_myeloid_positive,v_hs45b
RORC,Lymphoid_tissue_inducer_vs_all_TNK_positive,v_hs75b
IL7R,Lymphoid_tissue_inducer_vs_all_TNK_positive,v_hs75b
IL1R2,Lymphoid_tissue_inducer_vs_all_TNK_positive,v_hs75b
TNFSF11,Lymphoid_tissue_inducer_vs_all_TNK_positive,v_hs75b
KIT,Lymphoid_tissue_inducer_vs_all_TNK_positive,v_hs75b
CCR6,Lymphoid_tissue_inducer_vs_all_TNK_positive,v_hs75b
IL23R,Lymphoid_tissue_inducer_vs_all_TNK_positive,v_hs75b
IL1R1,Lymphoid_tissue_inducer_vs_all_TNK_positive,v_hs75b
AHR,Lymphoid_tissue_inducer_vs_all_TNK_positive,v_hs75b
CD1C,M_DC_monocytic_positive,v_hs50b
MAFB,M_DC_monocytic_positive,v_hs50b
ITGAX,M_DC_monocytic_positive,v_hs50b
FCGR1A,M_DC_monocytic_positive,v_hs50b
CD209,M_DC_monocytic_positive,v_hs50b
CD1A,M_DC_monocytic_positive,v_hs50b
S100A8,M_DC_monocytic_positive,v_hs50b
SIRPA,M_DC_monocytic_positive,v_hs50b
S100A9,M_DC_monocytic_positive,v_hs50b
KLF4,M_DC_monocytic_positive,v_hs50b
MRC1,M_DC_monocytic_positive,v_hs50b
PYGL,glycogenolysis,v_hs58b
PHKG1,glycogenolysis,v_hs58b
PGM3,glycogenolysis,v_hs58b
PYGM,glycogenolysis,v_hs58b
PHKG2,glycogenolysis,v_hs58b
PHKB,glycogenolysis,v_hs58b
PHKA1,glycogenolysis,v_hs58b
AGL,glycogenolysis,v_hs58b
CXCR2,M_granulocyte_vs_all_myeloid_positive,v_hs43b
CSF3R,M_granulocyte_vs_all_myeloid_positive,v_hs43b
ACOD1,M_granulocyte_vs_all_myeloid_positive,v_hs43b
CEACAM8,M_granulocyte_vs_all_myeloid_positive,v_hs43b
FFAR4,M_granulocyte_vs_all_myeloid_positive,v_hs43b
MPO,M_granulocyte_vs_all_myeloid_positive,v_hs43b
CD24,M_granulocyte_vs_all_myeloid_positive,v_hs43b
CTSG,M_granulocyte_vs_all_myeloid_positive,v_hs43b
FUT4,M_granulocyte_vs_all_myeloid_positive,v_hs43b
LTF,M_granulocyte_vs_all_myeloid_positive,v_hs43b
CXCR1,M_granulocyte_vs_all_myeloid_positive,v_hs43b
FCGR3B,M_granulocyte_vs_all_myeloid_positive,v_hs43b
VASP,M_granulocyte_vs_all_myeloid_positive,v_hs43b
ELANE,M_granulocyte_vs_all_myeloid_positive,v_hs43b
AZU1,M_granulocyte_vs_all_myeloid_positive,v_hs43b
KLRB1,ILC3_NCRpos_vs_all_TNK_positive,v_hs85b
IL23R,ILC3_NCRpos_vs_all_TNK_positive,v_hs85b
AHR,ILC3_NCRpos_vs_all_TNK_positive,v_hs85b
KIT,ILC3_NCRpos_vs_all_TNK_positive,v_hs85b
IL1R2,ILC3_NCRpos_vs_all_TNK_positive,v_hs85b
RORC,ILC3_NCRpos_vs_all_TNK_positive,v_hs85b
ICOS,ILC3_NCRpos_vs_all_TNK_positive,v_hs85b
IL7R,ILC3_NCRpos_vs_all_TNK_positive,v_hs85b
TNFSF11,ILC3_NCRpos_vs_all_TNK_positive,v_hs85b
NCR2,ILC3_NCRpos_vs_all_TNK_positive,v_hs85b
DPP4,M_DC_cDC1_positive,v_hs48b
CLEC9A,M_DC_cDC1_positive,v_hs48b
THBD,M_DC_cDC1_positive,v_hs48b
CD8A,M_DC_cDC1_positive,v_hs48b
BTLA,M_DC_cDC1_positive,v_hs48b
IRF8,M_DC_cDC1_positive,v_hs48b
XCR1,M_DC_cDC1_positive,v_hs48b
ID2,M_DC_cDC1_positive,v_hs48b
CADM1,M_DC_cDC1_positive,v_hs48b
CD226,M_DC_cDC1_positive,v_hs48b
CXCL10,M_DC_cDC1_positive,v_hs48b
CD33,M_DC_cDC1_positive,v_hs48b
CXCL9,M_DC_cDC1_positive,v_hs48b
BATF3,M_DC_cDC1_positive,v_hs48b
NCR1,NK_CD56bright_vs_all_TNK_positive,v_hs84b
ITGA5,NK_CD56bright_vs_all_TNK_positive,v_hs84b
KLRF1,NK_CD56bright_vs_all_TNK_positive,v_hs84b
IL7R,NK_CD56bright_vs_all_TNK_positive,v_hs84b
CCR7,NK_CD56bright_vs_all_TNK_positive,v_hs84b
NCR3,NK_CD56bright_vs_all_TNK_positive,v_hs84b
KLRG1,NK_CD56bright_vs_all_TNK_positive,v_hs84b
KLRC1,NK_CD56bright_vs_all_TNK_positive,v_hs84b
IFNG,NK_CD56bright_vs_all_TNK_positive,v_hs84b
KLRK1,NK_CD56bright_vs_all_TNK_positive,v_hs84b
NCAM1,NK_CD56bright_vs_all_TNK_positive,v_hs84b
KLRD1,NK_CD56bright_vs_all_TNK_positive,v_hs84b
IL2RA,NK_CD56bright_vs_all_TNK_positive,v_hs84b
SELL,NK_CD56bright_vs_all_TNK_positive,v_hs84b
IL12RB1,NK_CD56bright_vs_all_TNK_positive,v_hs84b
IL2RB,NK_CD56bright_vs_all_TNK_positive,v_hs84b
KIT,NK_CD56bright_vs_all_TNK_positive,v_hs84b
EOMES,NK_CD56bright_vs_all_TNK_positive,v_hs84b
TBX21,NK_CD56bright_vs_all_TNK_positive,v_hs84b
KLRB1,ILC1_vs_all_TNK_positive,v_hs69b
IL1R1,ILC1_vs_all_TNK_positive,v_hs69b
IL1R2,ILC1_vs_all_TNK_positive,v_hs69b
IL12RB1,ILC1_vs_all_TNK_positive,v_hs69b
NCR3,ILC1_vs_all_TNK_positive,v_hs69b
TNFRSF10A,ILC1_vs_all_TNK_positive,v_hs69b
CXCR3,ILC1_vs_all_TNK_positive,v_hs69b
ALCAM,TNK_tcr_activation_positive,v_hs51b
JAG1,TNK_tcr_activation_positive,v_hs51b
LTA,TNK_tcr_activation_positive,v_hs51b
CCL3,TNK_tcr_activation_positive,v_hs51b
CCL4,TNK_tcr_activation_positive,v_hs51b
FOSL1,TNK_tcr_activation_positive,v_hs51b
PIM3,TNK_tcr_activation_positive,v_hs51b
TNFRSF4,TNK_tcr_activation_positive,v_hs51b
TGFB1,TNK_tcr_activation_positive,v_hs51b
FURIN,TNK_tcr_activation_positive,v_hs51b
SULT2B1,TNK_tcr_activation_positive,v_hs51b
IL17A,TNK_tcr_activation_positive,v_hs51b
CD160,TNK_tcr_activation_positive,v_hs51b
GADD45G,TNK_tcr_activation_positive,v_hs51b
IL3,TNK_tcr_activation_positive,v_hs51b
CCL1,TNK_tcr_activation_positive,v_hs51b
CCR8,TNK_tcr_activation_positive,v_hs51b
TNFSF14,TNK_tcr_activation_positive,v_hs51b
ATF3,TNK_tcr_activation_positive,v_hs51b
IL17F,TNK_tcr_activation_positive,v_hs51b
LCK,TNK_tcr_activation_positive,v_hs51b
CD8B,TNK_tcr_activation_positive,v_hs51b
NFATC2,TNK_tcr_activation_positive,v_hs51b
NFATC1,TNK_tcr_activation_positive,v_hs51b
CISH,TNK_tcr_activation_positive,v_hs51b
PTGER2,TNK_tcr_activation_positive,v_hs51b
TNFSF11,TNK_tcr_activation_positive,v_hs51b
TNFRSF21,TNK_tcr_activation_positive,v_hs51b
SYP,TNK_tcr_activation_positive,v_hs51b
SLC7A1,TNK_tcr_activation_positive,v_hs51b
NKG7,TNK_tcr_activation_positive,v_hs51b
CRABP2,TNK_tcr_activation_positive,v_hs51b
SEMA7A,TNK_tcr_activation_positive,v_hs51b
IER3,TNK_tcr_activation_positive,v_hs51b
SLC16A1,TNK_tcr_activation_positive,v_hs51b
IL13,TNK_tcr_activation_positive,v_hs51b
RGS16,TNK_tcr_activation_positive,v_hs51b
NEK6,TNK_tcr_activation_positive,v_hs51b
CSF2,TNK_tcr_activation_positive,v_hs51b
IL4,TNK_tcr_activation_positive,v_hs51b
TNFSF8,TNK_tcr_activation_positive,v_hs51b
ZBTB32,TNK_tcr_activation_positive,v_hs51b
FOSL2,TNK_tcr_activation_positive,v_hs51b
HAVCR2,TNK_tcr_activation_positive,v_hs51b
GFI1,TNK_tcr_activation_positive,v_hs51b
IL10,TNK_tcr_activation_positive,v_hs51b
FOSB,TNK_tcr_activation_positive,v_hs51b
IFNG,TNK_tcr_activation_positive,v_hs51b
EGR1,TNK_tcr_activation_positive,v_hs51b
TNFRSF9,TNK_tcr_activation_positive,v_hs51b
IL21,TNK_tcr_activation_positive,v_hs51b
UTF1,TNK_tcr_activation_positive,v_hs51b
MFSD2A,TNK_tcr_activation_positive,v_hs51b
IL24,TNK_tcr_activation_positive,v_hs51b
IL15RA,TNK_tcr_activation_positive,v_hs51b
NR4A3,TNK_tcr_activation_positive,v_hs51b
MIR193,TNK_tcr_activation_positive,v_hs51b
CD40LG,TNK_tcr_activation_positive,v_hs51b
RELA,TNK_tcr_activation_positive,v_hs51b
BCAT1,TNK_tcr_activation_positive,v_hs51b
XCL1,TNK_tcr_activation_positive,v_hs51b
STAT5A,TNK_tcr_activation_positive,v_hs51b
ALPL,TNK_tcr_activation_positive,v_hs51b
IL5,TNK_tcr_activation_positive,v_hs51b
MAFF,TNK_tcr_activation_positive,v_hs51b
IL2,TNK_tcr_activation_positive,v_hs51b
JCHAIN,B_memory_double_negative_vs_all_B_positive,v_hs7b
IGHA1,B_memory_double_negative_vs_all_B_positive,v_hs7b
IGHM,B_memory_double_negative_vs_all_B_positive,v_hs7b
IGHA2,B_memory_double_negative_vs_all_B_positive,v_hs7b
IGHG1,B_memory_double_negative_vs_all_B_positive,v_hs7b
IGHG3,B_memory_double_negative_vs_all_B_positive,v_hs7b
IGHG2,B_memory_double_negative_vs_all_B_positive,v_hs7b
IGHG4,B_memory_double_negative_vs_all_B_positive,v_hs7b
FCRL5,B_memory_double_negative_vs_all_B_positive,v_hs7b
ITGAX,B_memory_double_negative_vs_all_B_positive,v_hs7b
CXCR3,B_memory_double_negative_vs_all_B_positive,v_hs7b
CD24,B_memory_double_negative_vs_all_B_positive,v_hs7b
FAS,B_memory_double_negative_vs_all_B_positive,v_hs7b
IL6ST,B_plasma_vs_all_B_positive,v_hs4b
IL6RA,B_plasma_vs_all_B_positive,v_hs4b
ZBTB20,B_plasma_vs_all_B_positive,v_hs4b
TNFRSF17,B_plasma_vs_all_B_positive,v_hs4b
IRF4,B_plasma_vs_all_B_positive,v_hs4b
PRDM1,B_plasma_vs_all_B_positive,v_hs4b
XBP1,B_plasma_vs_all_B_positive,v_hs4b
ENPP1,B_plasma_vs_all_B_positive,v_hs4b
IL6R,B_plasma_vs_all_B_positive,v_hs4b
HLA-DMA,B_plasma_vs_all_B_positive,v_hs4b
AICDA,B_plasma_vs_all_B_positive,v_hs4b
HLA-DRB3,B_plasma_vs_all_B_positive,v_hs4b
HLA-DOB,B_plasma_vs_all_B_positive,v_hs4b
HLA-DQB1,B_plasma_vs_all_B_positive,v_hs4b
HLA-DRB4,B_plasma_vs_all_B_positive,v_hs4b
HLA-DPB1,B_plasma_vs_all_B_positive,v_hs4b
SDC1,B_plasma_vs_all_B_positive,v_hs4b
HLA-DMB,B_plasma_vs_all_B_positive,v_hs4b
CD38,B_plasma_vs_all_B_positive,v_hs4b
MKI67,B_plasma_vs_all_B_positive,v_hs4b
CD27,B_plasma_vs_all_B_positive,v_hs4b
HLA-DQA1,B_plasma_vs_all_B_positive,v_hs4b
HLA-DRA,B_plasma_vs_all_B_positive,v_hs4b
SLAMF7,B_plasma_vs_all_B_positive,v_hs4b
HLA-DPA1,B_plasma_vs_all_B_positive,v_hs4b
LTA,B_germinal_center_vs_all_B_positive,v_hs2b
CXCL13,B_germinal_center_vs_all_B_positive,v_hs2b
BCL6,B_germinal_center_vs_all_B_positive,v_hs2b
TCF3,B_germinal_center_vs_all_B_positive,v_hs2b
CD38,B_germinal_center_vs_all_B_positive,v_hs2b
TLR4,B_germinal_center_vs_all_B_positive,v_hs2b
MKI67,B_germinal_center_vs_all_B_positive,v_hs2b
AICDA,B_germinal_center_vs_all_B_positive,v_hs2b
IGHM,B_pb_t1_vs_all_B_positive,v_hs14b
JCHAIN,B_pb_t1_vs_all_B_positive,v_hs14b
IL10,B_pb_t1_vs_all_B_positive,v_hs14b
CD38,B_pb_t1_vs_all_B_positive,v_hs14b
PRSS3,B_pb_t1_vs_all_B_positive,v_hs14b
CD24,B_pb_t1_vs_all_B_positive,v_hs14b
MME,B_pb_t1_vs_all_B_positive,v_hs14b
HPSE,mast_cell_granule_effectors,v_hs1b
IL5,mast_cell_granule_effectors,v_hs1b
TPH2,mast_cell_granule_effectors,v_hs1b
GUSB,mast_cell_granule_effectors,v_hs1b
TGFB1,mast_cell_granule_effectors,v_hs1b
ADAMTS5,mast_cell_granule_effectors,v_hs1b
CTSC,mast_cell_granule_effectors,v_hs1b
FGF2,mast_cell_granule_effectors,v_hs1b
CTSE,mast_cell_granule_effectors,v_hs1b
HDC,mast_cell_granule_effectors,v_hs1b
SRGN,mast_cell_granule_effectors,v_hs1b
NGF,mast_cell_granule_effectors,v_hs1b
HEXB,mast_cell_granule_effectors,v_hs1b
CHGA,mast_cell_granule_effectors,v_hs1b
IL6,mast_cell_granule_effectors,v_hs1b
GZMB,mast_cell_granule_effectors,v_hs1b
TPH1,mast_cell_granule_effectors,v_hs1b
ARSA,mast_cell_granule_effectors,v_hs1b
CTSD,mast_cell_granule_effectors,v_hs1b
MMP9,mast_cell_granule_effectors,v_hs1b
SCG3,mast_cell_granule_effectors,v_hs1b
CAMP,mast_cell_granule_effectors,v_hs1b
PRG2,mast_cell_granule_effectors,v_hs1b
TH,mast_cell_granule_effectors,v_hs1b
IL15,mast_cell_granule_effectors,v_hs1b
VEGFA,mast_cell_granule_effectors,v_hs1b
CLEC11A,mast_cell_granule_effectors,v_hs1b
TNF,mast_cell_granule_effectors,v_hs1b
IL4,mast_cell_granule_effectors,v_hs1b
CMA1,mast_cell_granule_effectors,v_hs1b
CTSL,mast_cell_granule_effectors,v_hs1b
REN,mast_cell_granule_effectors,v_hs1b
CASP3,mast_cell_granule_effectors,v_hs1b
CTSB,mast_cell_granule_effectors,v_hs1b
CPA3,mast_cell_granule_effectors,v_hs1b
CXCR1,NK_CD56dim_vs_all_TNK_positive,v_hs77b
CXCR2,NK_CD56dim_vs_all_TNK_positive,v_hs77b
KLRK1,NK_CD56dim_vs_all_TNK_positive,v_hs77b
GZMB,NK_CD56dim_vs_all_TNK_positive,v_hs77b
KLRG1,NK_CD56dim_vs_all_TNK_positive,v_hs77b
EOMES,NK_CD56dim_vs_all_TNK_positive,v_hs77b
ITGA5,NK_CD56dim_vs_all_TNK_positive,v_hs77b
GZMA,NK_CD56dim_vs_all_TNK_positive,v_hs77b
KLRF1,NK_CD56dim_vs_all_TNK_positive,v_hs77b
NCR1,NK_CD56dim_vs_all_TNK_positive,v_hs77b
NCAM1,NK_CD56dim_vs_all_TNK_positive,v_hs77b
KLRD1,NK_CD56dim_vs_all_TNK_positive,v_hs77b
PRF1,NK_CD56dim_vs_all_TNK_positive,v_hs77b
FCGR3A,NK_CD56dim_vs_all_TNK_positive,v_hs77b
TBX21,NK_CD56dim_vs_all_TNK_positive,v_hs77b
CX3CR1,NK_CD56dim_vs_all_TNK_positive,v_hs77b
IL2RB,NK_CD56dim_vs_all_TNK_positive,v_hs77b
NCR3,NK_CD56dim_vs_all_TNK_positive,v_hs77b
IL12RB1,NK_CD56dim_vs_all_TNK_positive,v_hs77b
PRSS3,B_pb_t3_vs_all_B_positive,v_hs16b
IGHD,B_pb_t3_vs_all_B_positive,v_hs16b
CD24,B_pb_t3_vs_all_B_positive,v_hs16b
CD38,B_pb_t3_vs_all_B_positive,v_hs16b
IL10,B_pb_t3_vs_all_B_positive,v_hs16b
